{"cameraMode":{"drawMode":0,"name":"Shaded","section":"Shading Mode"},"sceneLighting":true,"audioPlay":false,"sceneViewState":{"showFog":true,"showMaterialUpdate":false,"showSkybox":true,"showFlares":true,"showImageEffects":true,"showParticleSystems":true},"in2DMode":false,"pivot":{"x":-4.783269882202148,"y":-0.06646847724914551,"z":1.9376983642578126},"rotation":{"x":0.001665170188061893,"y":-0.9966355562210083,"z":0.08089987188577652,"w":0.01732921600341797},"size":26.336517333984376,"orthographic":false}